"TargetModule","Coverage"
"program_001","1.0"
"program_002","1.0"
"program_003","1.0"
"program_004","1.0"
"program_005","1.0"
"program_006","1.0"
"program_007","1.0"
"program_010","1.0"
"program_011","1.0"
"program_012","1.0"
"program_013","1.0"
"program_014","1.0"
"program_015","1.0"
"program_016","1.0"
"program_017","1.0"
"program_018","1.0"
"program_019","1.0"
"program_020","1.0"
"program_022","1.0"
"program_024","1.0"
"program_025","1.0"
"program_026","1.0"
"program_027","1.0"
"program_029","1.0"
"program_030","1.0"
"program_031","1.0"
"program_033","1.0"
"program_034","1.0"
"program_035","1.0"
"program_036","1.0"
"program_037","1.0"
"program_038","1.0"
"program_039","1.0"
"program_040","1.0"
"program_041","1.0"
"program_042","1.0"
"program_043","1.0"
"program_044","1.0"
"program_045","1.0"
"program_046","1.0"
"program_047","1.0"
"program_049","1.0"
"program_050","1.0"
"program_052","1.0"
"program_053","1.0"
"program_054","1.0"
"program_055","1.0"
"program_056","1.0"
"program_057","1.0"
"program_058","1.0"
"program_059","1.0"
"program_060","1.0"
"program_061","1.0"
"program_062","1.0"
"program_063","1.0"
"program_064","1.0"
"program_066","1.0"
"program_067","1.0"
"program_068","1.0"
"program_069","1.0"
"program_070","1.0"
"program_071","1.0"
"program_072","1.0"
"program_073","1.0"
"program_074","1.0"
"program_075","1.0"
"program_076","1.0"
"program_077","1.0"
"program_078","1.0"
"program_079","1.0"
"program_080","1.0"
"program_082","1.0"
"program_083","1.0"
"program_084","1.0"
"program_086","1.0"
"program_087","1.0"
"program_088","1.0"
"program_090","1.0"
"program_091","1.0"
"program_093","1.0"
"program_094","1.0"
"program_095","1.0"
"program_096","1.0"
"program_097","1.0"
"program_100","1.0"
"program_001","1.0"
